[{"model": "admin.logentry", "pk": 1, "fields": {"action_time": "2023-06-15T10:28:08.196", "user": 1, "content_type": 4, "object_id": "2", "object_repr": "testUser", "action_flag": 1, "change_message": "[{\"added\": {}}]"}}, {"model": "admin.logentry", "pk": 2, "fields": {"action_time": "2023-06-15T10:29:38.115", "user": 1, "content_type": 4, "object_id": "3", "object_repr": "LibraryMan", "action_flag": 1, "change_message": "[{\"added\": {}}]"}}, {"model": "admin.logentry", "pk": 3, "fields": {"action_time": "2023-06-15T10:29:55.396", "user": 1, "content_type": 3, "object_id": "1", "object_repr": "LibraryMan", "action_flag": 1, "change_message": "[{\"added\": {}}]"}}, {"model": "admin.logentry", "pk": 4, "fields": {"action_time": "2023-06-15T10:30:06.215", "user": 1, "content_type": 4, "object_id": "3", "object_repr": "LibraryMan", "action_flag": 2, "change_message": "[{\"changed\": {\"fields\": [\"Groups\"]}}]"}}, {"model": "auth.permission", "pk": 1, "fields": {"name": "Can add log entry", "content_type": 1, "codename": "add_logentry"}}, {"model": "auth.permission", "pk": 2, "fields": {"name": "Can change log entry", "content_type": 1, "codename": "change_logentry"}}, {"model": "auth.permission", "pk": 3, "fields": {"name": "Can delete log entry", "content_type": 1, "codename": "delete_logentry"}}, {"model": "auth.permission", "pk": 4, "fields": {"name": "Can view log entry", "content_type": 1, "codename": "view_logentry"}}, {"model": "auth.permission", "pk": 5, "fields": {"name": "Can add permission", "content_type": 2, "codename": "add_permission"}}, {"model": "auth.permission", "pk": 6, "fields": {"name": "Can change permission", "content_type": 2, "codename": "change_permission"}}, {"model": "auth.permission", "pk": 7, "fields": {"name": "Can delete permission", "content_type": 2, "codename": "delete_permission"}}, {"model": "auth.permission", "pk": 8, "fields": {"name": "Can view permission", "content_type": 2, "codename": "view_permission"}}, {"model": "auth.permission", "pk": 9, "fields": {"name": "Can add group", "content_type": 3, "codename": "add_group"}}, {"model": "auth.permission", "pk": 10, "fields": {"name": "Can change group", "content_type": 3, "codename": "change_group"}}, {"model": "auth.permission", "pk": 11, "fields": {"name": "Can delete group", "content_type": 3, "codename": "delete_group"}}, {"model": "auth.permission", "pk": 12, "fields": {"name": "Can view group", "content_type": 3, "codename": "view_group"}}, {"model": "auth.permission", "pk": 13, "fields": {"name": "Can add user", "content_type": 4, "codename": "add_user"}}, {"model": "auth.permission", "pk": 14, "fields": {"name": "Can change user", "content_type": 4, "codename": "change_user"}}, {"model": "auth.permission", "pk": 15, "fields": {"name": "Can delete user", "content_type": 4, "codename": "delete_user"}}, {"model": "auth.permission", "pk": 16, "fields": {"name": "Can view user", "content_type": 4, "codename": "view_user"}}, {"model": "auth.permission", "pk": 17, "fields": {"name": "Can add content type", "content_type": 5, "codename": "add_contenttype"}}, {"model": "auth.permission", "pk": 18, "fields": {"name": "Can change content type", "content_type": 5, "codename": "change_contenttype"}}, {"model": "auth.permission", "pk": 19, "fields": {"name": "Can delete content type", "content_type": 5, "codename": "delete_contenttype"}}, {"model": "auth.permission", "pk": 20, "fields": {"name": "Can view content type", "content_type": 5, "codename": "view_contenttype"}}, {"model": "auth.permission", "pk": 21, "fields": {"name": "Can add session", "content_type": 6, "codename": "add_session"}}, {"model": "auth.permission", "pk": 22, "fields": {"name": "Can change session", "content_type": 6, "codename": "change_session"}}, {"model": "auth.permission", "pk": 23, "fields": {"name": "Can delete session", "content_type": 6, "codename": "delete_session"}}, {"model": "auth.permission", "pk": 24, "fields": {"name": "Can view session", "content_type": 6, "codename": "view_session"}}, {"model": "auth.permission", "pk": 25, "fields": {"name": "Can add author", "content_type": 7, "codename": "add_author"}}, {"model": "auth.permission", "pk": 26, "fields": {"name": "Can change author", "content_type": 7, "codename": "change_author"}}, {"model": "auth.permission", "pk": 27, "fields": {"name": "Can delete author", "content_type": 7, "codename": "delete_author"}}, {"model": "auth.permission", "pk": 28, "fields": {"name": "Can view author", "content_type": 7, "codename": "view_author"}}, {"model": "auth.permission", "pk": 29, "fields": {"name": "Can add book", "content_type": 8, "codename": "add_book"}}, {"model": "auth.permission", "pk": 30, "fields": {"name": "Can change book", "content_type": 8, "codename": "change_book"}}, {"model": "auth.permission", "pk": 31, "fields": {"name": "Can delete book", "content_type": 8, "codename": "delete_book"}}, {"model": "auth.permission", "pk": 32, "fields": {"name": "Can view book", "content_type": 8, "codename": "view_book"}}, {"model": "auth.permission", "pk": 33, "fields": {"name": "Can add order", "content_type": 9, "codename": "add_order"}}, {"model": "auth.permission", "pk": 34, "fields": {"name": "Can change order", "content_type": 9, "codename": "change_order"}}, {"model": "auth.permission", "pk": 35, "fields": {"name": "Can delete order", "content_type": 9, "codename": "delete_order"}}, {"model": "auth.permission", "pk": 36, "fields": {"name": "Can view order", "content_type": 9, "codename": "view_order"}}, {"model": "auth.group", "pk": 1, "fields": {"name": "LibraryMan", "permissions": []}}, {"model": "auth.user", "pk": 1, "fields": {"password": "pbkdf2_sha256$600000$dNbAdRb0xjh2yLcnArsKS3$pgSmcx+z1FifhyO+w7xwXxERzFDddKcJbyG3IqP9gYQ=", "last_login": "2023-06-15T10:27:07.355", "is_superuser": true, "username": "admin", "first_name": "", "last_name": "", "email": "", "is_staff": true, "is_active": true, "date_joined": "2023-06-15T10:27:03.972", "groups": [], "user_permissions": []}}, {"model": "auth.user", "pk": 2, "fields": {"password": "pbkdf2_sha256$600000$FvdnhywHoWdGH34b4I7vIJ$Hnm6Toy5T3kXnKU3v6sX0XtT09Vo9ic6QkzTdHx0XVk=", "last_login": null, "is_superuser": false, "username": "testUser", "first_name": "", "last_name": "", "email": "", "is_staff": false, "is_active": true, "date_joined": "2023-06-15T10:28:07.981", "groups": [], "user_permissions": []}}, {"model": "auth.user", "pk": 3, "fields": {"password": "pbkdf2_sha256$600000$HP9KbPXxInxb7j4WeHhj7X$l/qPN9dlkBIz5ri8JeXBdT9hv+nJnwG3HAAQc82Gr+A=", "last_login": null, "is_superuser": false, "username": "LibraryMan", "first_name": "", "last_name": "", "email": "", "is_staff": false, "is_active": true, "date_joined": "2023-06-15T10:29:37", "groups": [1], "user_permissions": []}}, {"model": "contenttypes.contenttype", "pk": 1, "fields": {"app_label": "admin", "model": "logentry"}}, {"model": "contenttypes.contenttype", "pk": 2, "fields": {"app_label": "auth", "model": "permission"}}, {"model": "contenttypes.contenttype", "pk": 3, "fields": {"app_label": "auth", "model": "group"}}, {"model": "contenttypes.contenttype", "pk": 4, "fields": {"app_label": "auth", "model": "user"}}, {"model": "contenttypes.contenttype", "pk": 5, "fields": {"app_label": "contenttypes", "model": "contenttype"}}, {"model": "contenttypes.contenttype", "pk": 6, "fields": {"app_label": "sessions", "model": "session"}}, {"model": "contenttypes.contenttype", "pk": 7, "fields": {"app_label": "core", "model": "author"}}, {"model": "contenttypes.contenttype", "pk": 8, "fields": {"app_label": "core", "model": "book"}}, {"model": "contenttypes.contenttype", "pk": 9, "fields": {"app_label": "core", "model": "order"}}, {"model": "sessions.session", "pk": "3qe1g87uhogkrekkzuzqyqukrwimqc7q", "fields": {"session_data": ".eJxVjE0OwiAYBe_C2hAgVcCle89A4PuRqoGktKvGuwtJF7p9M292EeK25rA1WsKM4iq0OP1uKcKLygD4jOVRJdSyLnOSQ5EHbfJekd63w_0L5NjyeKP3OvlotSJmjWfyWl3QMk-ejXLUU9j5ZNGB745jMMYRA7CNCOLzBRGJOcw:1q9kC3:5sW1yDs_P9qG9pH9q_ErbuNQMQqE24BoBBeVmU3gFH8", "expire_date": "2023-06-29T10:27:07.382"}}, {"model": "core.author", "pk": "Aleksandr Belyaev", "fields": {}}, {"model": "core.author", "pk": "Aleksandr Dyuma", "fields": {}}, {"model": "core.author", "pk": "Aleksandr Griboedov", "fields": {}}, {"model": "core.author", "pk": "Aleksandr Grin", "fields": {}}, {"model": "core.author", "pk": "Aleksandr Ostrovskij", "fields": {}}, {"model": "core.author", "pk": "Aleksandr Pushkin", "fields": {}}, {"model": "core.author", "pk": "Aleksandr Volkov", "fields": {}}, {"model": "core.author", "pk": "Aleksej Tolstoj", "fields": {}}, {"model": "core.author", "pk": "Anton CHekhov", "fields": {}}, {"model": "core.author", "pk": "Arkadij i Boris Strugackie", "fields": {}}, {"model": "core.author", "pk": "Artur Konan Dojl'", "fields": {}}, {"model": "core.author", "pk": "Boris Pasternak", "fields": {}}, {"model": "core.author", "pk": "Boris Vasil'ev", "fields": {}}, {"model": "core.author", "pk": "Daniel' Defo", "fields": {}}, {"model": "core.author", "pk": "Dzhek London", "fields": {}}, {"model": "core.author", "pk": "Dzhordzh Oruell", "fields": {}}, {"model": "core.author", "pk": "Erih Mariya Remark", "fields": {}}, {"model": "core.author", "pk": "Ernest Heminguej", "fields": {}}, {"model": "core.author", "pk": "Fedor Dostoevskij", "fields": {}}, {"model": "core.author", "pk": "Gabriel' Garsia Markes", "fields": {}}, {"model": "core.author", "pk": "Grigorij Belyh, L. Panteleev", "fields": {}}, {"model": "core.author", "pk": "Ilya Ilf, Evgenij Petrov", "fields": {}}, {"model": "core.author", "pk": "Iogann Vol'fgang fon Gyote", "fields": {}}, {"model": "core.author", "pk": "Ivan Goncharov", "fields": {}}, {"model": "core.author", "pk": "Ivan Turgenev", "fields": {}}, {"model": "core.author", "pk": "Konstantin Simonov", "fields": {}}, {"model": "core.author", "pk": "Leonid Filatov", "fields": {}}, {"model": "core.author", "pk": "Lev Tolstoj", "fields": {}}, {"model": "core.author", "pk": "Mark Tven", "fields": {}}, {"model": "core.author", "pk": "Mihail Bulgakov", "fields": {}}, {"model": "core.author", "pk": "Mihail Lermontov", "fields": {}}, {"model": "core.author", "pk": "Mihail SHolohov", "fields": {}}, {"model": "core.author", "pk": "Nikolaj Gogol'", "fields": {}}, {"model": "core.author", "pk": "SHarlotta Bronte", "fields": {}}, {"model": "core.author", "pk": "Stanislav Lem", "fields": {}}, {"model": "core.author", "pk": "Valentin Kataev", "fields": {}}, {"model": "core.author", "pk": "Veniamin Kaverin", "fields": {}}, {"model": "core.author", "pk": "Viktor Gyugo", "fields": {}}, {"model": "core.author", "pk": "Vladimir Bogomolov", "fields": {}}, {"model": "core.author", "pk": "Vladimir Obruchev", "fields": {}}, {"model": "core.author", "pk": "YUlian Semenov", "fields": {}}, {"model": "core.author", "pk": "ZHyul' Vern", "fields": {}}, {"model": "core.book", "pk": 1059923601874, "fields": {"name": "Otverzhennye", "quantity": 23, "author": "Viktor Gyugo", "reserve": 0}}, {"model": "core.book", "pk": 1151812097580, "fields": {"name": "SHinel'", "quantity": 12, "author": "Nikolaj Gogol'", "reserve": 0}}, {"model": "core.book", "pk": 1192330299537, "fields": {"name": "Selo Stepanchikovo i ego obitateli", "quantity": 14, "author": "Fedor Dostoevskij", "reserve": 0}}, {"model": "core.book", "pk": 1337184895144, "fields": {"name": "CHelovek-amfibiya", "quantity": 30, "author": "Aleksandr Belyaev", "reserve": 0}}, {"model": "core.book", "pk": 1382712850178, "fields": {"name": "Priklyucheniya Toma Sojera", "quantity": 27, "author": "Mark Tven", "reserve": 0}}, {"model": "core.book", "pk": 1389291599040, "fields": {"name": "Zapiski iz Myortvogo doma", "quantity": 15, "author": "Fedor Dostoevskij", "reserve": 0}}, {"model": "core.book", "pk": 1397540744715, "fields": {"name": "Master i Margarita", "quantity": 37, "author": "Mihail Bulgakov", "reserve": 0}}, {"model": "core.book", "pk": 1421450755332, "fields": {"name": "Moment istiny (V avguste 44-go)", "quantity": 16, "author": "Vladimir Bogomolov", "reserve": 0}}, {"model": "core.book", "pk": 1484438896349, "fields": {"name": "Sobor Parizhskoj Bogomateri", "quantity": 33, "author": "Viktor Gyugo", "reserve": 0}}, {"model": "core.book", "pk": 1608950606959, "fields": {"name": "Hadzhi-Murat", "quantity": 21, "author": "Lev Tolstoj", "reserve": 0}}, {"model": "core.book", "pk": 1610379614563, "fields": {"name": "Igrok", "quantity": 22, "author": "Fedor Dostoevskij", "reserve": 0}}, {"model": "core.book", "pk": 1626677164898, "fields": {"name": "Bednye lyudi", "quantity": 36, "author": "Fedor Dostoevskij", "reserve": 0}}, {"model": "core.book", "pk": 1628211027521, "fields": {"name": "Trudno byt' bogom", "quantity": 39, "author": "Arkadij i Boris Strugackie", "reserve": 0}}, {"model": "core.book", "pk": 1688807116692, "fields": {"name": "Faust", "quantity": 28, "author": "Iogann Vol'fgang fon Gyote", "reserve": 0}}, {"model": "core.book", "pk": 1817183379747, "fields": {"name": "Dva kapitana", "quantity": 8, "author": "Veniamin Kaverin", "reserve": 0}}, {"model": "core.book", "pk": 1889285107150, "fields": {"name": "Sobaka Baskervilej", "quantity": 48, "author": "Artur Konan Dojl'", "reserve": 0}}, {"model": "core.book", "pk": 1922387106296, "fields": {"name": "Revizor", "quantity": 18, "author": "Nikolaj Gogol'", "reserve": 0}}, {"model": "core.book", "pk": 1947895454185, "fields": {"name": "Brat'ya Karamazovy", "quantity": 25, "author": "Fedor Dostoevskij", "reserve": 0}}, {"model": "core.book", "pk": 2069836078511, "fields": {"name": "Evgenij Onegin", "quantity": 32, "author": "Aleksandr Pushkin", "reserve": 0}}, {"model": "core.book", "pk": 2194988144321, "fields": {"name": "Starik i more", "quantity": 31, "author": "Ernest Heminguej", "reserve": 0}}, {"model": "core.book", "pk": 2196366662203, "fields": {"name": "Palata № 6", "quantity": 43, "author": "Anton CHekhov", "reserve": 0}}, {"model": "core.book", "pk": 2208602107013, "fields": {"name": "ZHivye i mertvye", "quantity": 48, "author": "Konstantin Simonov", "reserve": 0}}, {"model": "core.book", "pk": 2471431342279, "fields": {"name": "Grafinya de Monsoro", "quantity": 12, "author": "Aleksandr Dyuma", "reserve": 0}}, {"model": "core.book", "pk": 2536157843307, "fields": {"name": "Doktor ZHivago", "quantity": 31, "author": "Boris Pasternak", "reserve": 0}}, {"model": "core.book", "pk": 2552500912261, "fields": {"name": "Sorok pyat'", "quantity": 38, "author": "Aleksandr Dyuma", "reserve": 0}}, {"model": "core.book", "pk": 2604043434536, "fields": {"name": "Sud'ba cheloveka", "quantity": 12, "author": "Mihail SHolohov", "reserve": 0}}, {"model": "core.book", "pk": 2779463989056, "fields": {"name": "Oblomov", "quantity": 44, "author": "Ivan Goncharov", "reserve": 0}}, {"model": "core.book", "pk": 2965438280640, "fields": {"name": "Vikont de Brazhelon, ili Desyat' let spustya", "quantity": 29, "author": "Aleksandr Dyuma", "reserve": 0}}, {"model": "core.book", "pk": 3021793105021, "fields": {"name": "Priklyucheniya Gekl'berri Finna", "quantity": 4, "author": "Mark Tven", "reserve": 0}}, {"model": "core.book", "pk": 3078699343383, "fields": {"name": "Vojna i mir", "quantity": 12, "author": "Lev Tolstoj", "reserve": 0}}, {"model": "core.book", "pk": 3112148119768, "fields": {"name": "Dyadya Vanya", "quantity": 42, "author": "Anton CHekhov", "reserve": 0}}, {"model": "core.book", "pk": 3198257853069, "fields": {"name": "Semnadcat' mgnovenij vesny", "quantity": 42, "author": "YUlian Semenov", "reserve": 0}}, {"model": "core.book", "pk": 3314827858745, "fields": {"name": "Pikovaya dama", "quantity": 40, "author": "Aleksandr Pushkin", "reserve": 0}}, {"model": "core.book", "pk": 3649930609229, "fields": {"name": "Zapiski ohotnika", "quantity": 10, "author": "Ivan Turgenev", "reserve": 0}}, {"model": "core.book", "pk": 3745879039686, "fields": {"name": "Kavkazskij plennik", "quantity": 14, "author": "Lev Tolstoj", "reserve": 0}}, {"model": "core.book", "pk": 3984045519527, "fields": {"name": "Tri mushketera", "quantity": 35, "author": "Aleksandr Dyuma", "reserve": 0}}, {"model": "core.book", "pk": 4056269231021, "fields": {"name": "Tihij Don", "quantity": 14, "author": "Mihail SHolohov", "reserve": 0}}, {"model": "core.book", "pk": 4273063093456, "fields": {"name": "Solyaris", "quantity": 14, "author": "Stanislav Lem", "reserve": 0}}, {"model": "core.book", "pk": 4327970567768, "fields": {"name": "Prestuplenie i nakazanie", "quantity": 46, "author": "Fedor Dostoevskij", "reserve": 0}}, {"model": "core.book", "pk": 4362972715171, "fields": {"name": "Tri sestry", "quantity": 25, "author": "Anton CHekhov", "reserve": 0}}, {"model": "core.book", "pk": 4408660753843, "fields": {"name": "Rasskazy", "quantity": 36, "author": "Anton CHekhov", "reserve": 0}}, {"model": "core.book", "pk": 4453837557109, "fields": {"name": "Alye parusa", "quantity": 9, "author": "Aleksandr Grin", "reserve": 0}}, {"model": "core.book", "pk": 4470572192455, "fields": {"name": "Volshebnik Izumrudnogo goroda", "quantity": 38, "author": "Aleksandr Volkov", "reserve": 0}}, {"model": "core.book", "pk": 4482653136295, "fields": {"name": "Bespridannica", "quantity": 46, "author": "Aleksandr Ostrovskij", "reserve": 0}}, {"model": "core.book", "pk": 4542885659122, "fields": {"name": "Zolotoj telenok", "quantity": 50, "author": "Ilya Ilf, Evgenij Petrov", "reserve": 0}}, {"model": "core.book", "pk": 4570226699090, "fields": {"name": "Rudin", "quantity": 40, "author": "Ivan Turgenev", "reserve": 0}}, {"model": "core.book", "pk": 4606876369934, "fields": {"name": "Deti kapitana Granta", "quantity": 43, "author": "ZHyul' Vern", "reserve": 0}}, {"model": "core.book", "pk": 4787337724964, "fields": {"name": "Dvadcat' let spustya", "quantity": 5, "author": "Aleksandr Dyuma", "reserve": 0}}, {"model": "core.book", "pk": 4863159320973, "fields": {"name": "Dubrovskij", "quantity": 10, "author": "Aleksandr Pushkin", "reserve": 0}}, {"model": "core.book", "pk": 4975455171611, "fields": {"name": "Zemlya Sannikova", "quantity": 39, "author": "Vladimir Obruchev", "reserve": 0}}, {"model": "core.book", "pk": 5030802081664, "fields": {"name": "Podrostok", "quantity": 26, "author": "Fedor Dostoevskij", "reserve": 0}}, {"model": "core.book", "pk": 5153552554219, "fields": {"name": "Taras Bul'ba", "quantity": 15, "author": "Nikolaj Gogol'", "reserve": 0}}, {"model": "core.book", "pk": 5318019583548, "fields": {"name": "Idiot", "quantity": 20, "author": "Fedor Dostoevskij", "reserve": 0}}, {"model": "core.book", "pk": 5406001406653, "fields": {"name": "CHajka", "quantity": 48, "author": "Anton CHekhov", "reserve": 0}}, {"model": "core.book", "pk": 5448368700190, "fields": {"name": "Sobach'e serdce", "quantity": 17, "author": "Mihail Bulgakov", "reserve": 0}}, {"model": "core.book", "pk": 5540330585934, "fields": {"name": "Gore ot uma", "quantity": 2, "author": "Aleksandr Griboedov", "reserve": 0}}, {"model": "core.book", "pk": 5894389455283, "fields": {"name": "Voskresenie", "quantity": 40, "author": "Lev Tolstoj", "reserve": 0}}, {"model": "core.book", "pk": 6026226203258, "fields": {"name": "Pyotr Pervyj", "quantity": 46, "author": "Aleksej Tolstoj", "reserve": 0}}, {"model": "core.book", "pk": 6442098027009, "fields": {"name": "Besy", "quantity": 44, "author": "Fedor Dostoevskij", "reserve": 0}}, {"model": "core.book", "pk": 6464074994912, "fields": {"name": "Belaya gvardiya", "quantity": 11, "author": "Mihail Bulgakov", "reserve": 0}}, {"model": "core.book", "pk": 6538966720948, "fields": {"name": "Graf Monte-Kristo", "quantity": 24, "author": "Aleksandr Dyuma", "reserve": 0}}, {"model": "core.book", "pk": 6551211138775, "fields": {"name": "Unizhennye i oskorblyonnye", "quantity": 3, "author": "Fedor Dostoevskij", "reserve": 0}}, {"model": "core.book", "pk": 6575104416418, "fields": {"name": "Vechera na hutore bliz Dikan'ki", "quantity": 13, "author": "Nikolaj Gogol'", "reserve": 0}}, {"model": "core.book", "pk": 6597338915865, "fields": {"name": "Tainstvennyj ostrov", "quantity": 38, "author": "ZHyul' Vern", "reserve": 0}}, {"model": "core.book", "pk": 6613326860460, "fields": {"name": "Sto let odinochestva", "quantity": 30, "author": "Gabriel' Garsia Markes", "reserve": 0}}, {"model": "core.book", "pk": 6643774446492, "fields": {"name": "Morfij", "quantity": 20, "author": "Mihail Bulgakov", "reserve": 0}}, {"model": "core.book", "pk": 6647396052632, "fields": {"name": "Respublika SHKID", "quantity": 31, "author": "Grigorij Belyh, L. Panteleev", "reserve": 0}}, {"model": "core.book", "pk": 6682248780806, "fields": {"name": "Dvenadcat' stul'ev", "quantity": 49, "author": "Ilya Ilf, Evgenij Petrov", "reserve": 0}}, {"model": "core.book", "pk": 6715442508525, "fields": {"name": "Belyj Klyk", "quantity": 6, "author": "Dzhek London", "reserve": 0}}, {"model": "core.book", "pk": 6928823048176, "fields": {"name": "Tri tovarishcha", "quantity": 34, "author": "Erih Mariya Remark", "reserve": 0}}, {"model": "core.book", "pk": 7075529541421, "fields": {"name": "Vij", "quantity": 37, "author": "Nikolaj Gogol'", "reserve": 0}}, {"model": "core.book", "pk": 7290283586193, "fields": {"name": "Beg", "quantity": 45, "author": "Mihail Bulgakov", "reserve": 0}}, {"model": "core.book", "pk": 7379516240058, "fields": {"name": "Kapitanskaya dochka", "quantity": 3, "author": "Aleksandr Pushkin", "reserve": 0}}, {"model": "core.book", "pk": 7437100236026, "fields": {"name": "Triumfal'naya arka", "quantity": 29, "author": "Erih Mariya Remark", "reserve": 0}}, {"model": "core.book", "pk": 7485406809443, "fields": {"name": "1984", "quantity": 5, "author": "Dzhordzh Oruell", "reserve": 0}}, {"model": "core.book", "pk": 7530989195325, "fields": {"name": "Ruslan i Lyudmila", "quantity": 12, "author": "Aleksandr Pushkin", "reserve": 0}}, {"model": "core.book", "pk": 7751515877739, "fields": {"name": "Piknik na obochine", "quantity": 12, "author": "Arkadij i Boris Strugackie", "reserve": 0}}, {"model": "core.book", "pk": 7830912313123, "fields": {"name": "CHernyj obelisk", "quantity": 26, "author": "Erih Mariya Remark", "reserve": 0}}, {"model": "core.book", "pk": 8053367035669, "fields": {"name": "Vishnevyj sad", "quantity": 23, "author": "Anton CHekhov", "reserve": 0}}, {"model": "core.book", "pk": 8085098945471, "fields": {"name": "Priklyucheniya SHerloka Holmsa", "quantity": 3, "author": "Artur Konan Dojl'", "reserve": 0}}, {"model": "core.book", "pk": 8289428339201, "fields": {"name": "Detstvo. Otrochestvo. YUnost'", "quantity": 12, "author": "Lev Tolstoj", "reserve": 0}}, {"model": "core.book", "pk": 8297475427157, "fields": {"name": "Vozvrashchenie SHerloka Holmsa", "quantity": 26, "author": "Artur Konan Dojl'", "reserve": 0}}, {"model": "core.book", "pk": 8389682754789, "fields": {"name": "Pro Fedota-strel'ca, udalogo molodca", "quantity": 7, "author": "Leonid Filatov", "reserve": 0}}, {"model": "core.book", "pk": 8394091012821, "fields": {"name": "Beleet parus odinokij", "quantity": 40, "author": "Valentin Kataev", "reserve": 0}}, {"model": "core.book", "pk": 8556150282022, "fields": {"name": "Zapiski yunogo vracha", "quantity": 3, "author": "Mihail Bulgakov", "reserve": 0}}, {"model": "core.book", "pk": 8756476547490, "fields": {"name": "Dvadcat' tysyach l'e pod vodoj", "quantity": 19, "author": "ZHyul' Vern", "reserve": 0}}, {"model": "core.book", "pk": 8776975834983, "fields": {"name": "Mednyj vsadnik", "quantity": 17, "author": "Aleksandr Pushkin", "reserve": 0}}, {"model": "core.book", "pk": 8966696733949, "fields": {"name": "Myortvye dushi", "quantity": 19, "author": "Nikolaj Gogol'", "reserve": 0}}, {"model": "core.book", "pk": 9224740978558, "fields": {"name": "Dzhejn Ejr", "quantity": 34, "author": "SHarlotta Bronte", "reserve": 0}}, {"model": "core.book", "pk": 9323893452282, "fields": {"name": "Hozhdenie po mukam", "quantity": 30, "author": "Aleksej Tolstoj", "reserve": 0}}, {"model": "core.book", "pk": 9355875248207, "fields": {"name": "Dvoryanskoe gnezdo", "quantity": 33, "author": "Ivan Turgenev", "reserve": 0}}, {"model": "core.book", "pk": 9428940836444, "fields": {"name": "Geroj nashego vremeni", "quantity": 24, "author": "Mihail Lermontov", "reserve": 0}}, {"model": "core.book", "pk": 9447217042267, "fields": {"name": "Otcy i deti", "quantity": 6, "author": "Ivan Turgenev", "reserve": 0}}, {"model": "core.book", "pk": 9460748477732, "fields": {"name": "Boris Godunov", "quantity": 35, "author": "Aleksandr Pushkin", "reserve": 0}}, {"model": "core.book", "pk": 9522128988900, "fields": {"name": "Drama na ohote", "quantity": 48, "author": "Anton CHekhov", "reserve": 0}}, {"model": "core.book", "pk": 9566633523433, "fields": {"name": "Povesti Belkina", "quantity": 14, "author": "Aleksandr Pushkin", "reserve": 0}}, {"model": "core.book", "pk": 9655744552909, "fields": {"name": "Robinzon Kruzo", "quantity": 18, "author": "Daniel' Defo", "reserve": 0}}, {"model": "core.book", "pk": 9814236236920, "fields": {"name": "A zori zdes' tihie", "quantity": 4, "author": "Boris Vasil'ev", "reserve": 0}}, {"model": "core.book", "pk": 9967276428739, "fields": {"name": "Ivan Vasil'evich", "quantity": 40, "author": "Mihail Bulgakov", "reserve": 0}}, {"model": "core.book", "pk": 9986789316479, "fields": {"name": "Anna Karenina", "quantity": 33, "author": "Lev Tolstoj", "reserve": 0}}]